{
  "united-states": {
    "srs": true,
    "nibrs": true
  },
  "alabama": {
    "srs": true,
    "nibrs": {
      "initial-year": 1991
    }
  },
  "alaska": {
    "srs": true,
    "nibrs": false
  },
  "arizona": {
    "srs": true,
    "nibrs": {
      "initial-year": 2004
    }
  },
  "arkansas": {
    "srs": false,
    "nibrs": {
      "initial-year": 1999
    }
  },
  "california": {
    "srs": true,
    "nibrs": false
  },
  "colorado": {
    "srs": false,
    "nibrs": {
      "initial-year": 1992
    }
  },
  "connecticut": {
    "srs": true,
    "nibrs": {
      "initial-year": 1998
    }
  },
  "delaware": {
    "srs": false,
    "nibrs": {
      "initial-year": 2001
    }
  },
  "district-of-columbia": {
    "srs": false,
    "nibrs": {
      "initial-year": 2000
    }
  },
  "florida": {
    "srs": true,
    "nibrs": false
  },
  "georgia": {
    "srs": true,
    "nibrs": {
      "initial-year": 1991
    }
  },
  "hawaii": {
    "srs": true,
    "nibrs": false
  },
  "idaho": {
    "srs": false,
    "nibrs": {
      "initial-year": 1992
    }
  },
  "illinois": {
    "srs": true,
    "nibrs": {
      "initial-year": 1993
    }
  },
  "indiana": {
    "srs": true,
    "nibrs": {
      "initial-year": 2013
    }
  },
  "iowa": {
    "srs": false,
    "nibrs": {
      "initial-year": 1991
    }
  },
  "kansas": {
    "srs": true,
    "nibrs": {
      "initial-year": 2000
    }
  },
  "kentucky": {
    "srs": false,
    "nibrs": {
      "initial-year": 1998
    }
  },
  "louisiana": {
    "srs": true,
    "nibrs": {
      "initial-year": 2003
    }
  },
  "maine": {
    "srs": true,
    "nibrs": {
      "initial-year": 2003
    }
  },
  "maryland": {
    "srs": true,
    "nibrs": false
  },
  "massachusetts": {
    "srs": true,
    "nibrs": {
      "initial-year": 1994
    }
  },
  "michigan": {
    "srs": true,
    "nibrs": {
      "initial-year": 1995
    }
  },
  "minnesota": {
    "srs": true,
    "nibrs": false
  },
  "mississippi": {
    "srs": true,
    "nibrs": {
      "initial-year": 2009
    }
  },
  "missouri": {
    "srs": true,
    "nibrs": {
      "initial-year": 2006
    }
  },
  "montana": {
    "srs": false,
    "nibrs": {
      "initial-year": 2005
    }
  },
  "nebraska": {
    "srs": false,
    "nibrs": {
      "initial-year": 1998
    }
  },
  "nevada": {
    "srs": true,
    "nibrs": false
  },
  "new-hampshire": {
    "srs": false,
    "nibrs": {
      "initial-year": 2002
    }
  },
  "new-jersey": {
    "srs": true,
    "nibrs": false
  },
  "new-mexico": {
    "srs": true,
    "nibrs": false
  },
  "new-york": {
    "srs": true,
    "nibrs": false
  },
  "north-carolina": {
    "srs": true,
    "nibrs": false
  },
  "north-dakota": {
    "srs": false,
    "nibrs": {
      "initial-year": 1991
    }
  },
  "ohio": {
    "srs": true,
    "nibrs": {
      "initial-year": 1998
    }
  },
  "oklahoma": {
    "srs": true,
    "nibrs": {
      "initial-year": 2008
    }
  },
  "oregon": {
    "srs": true,
    "nibrs": {
      "initial-year": 2003
    }
  },
  "pennsylvania": {
    "srs": true,
    "nibrs": {
      "initial-year": 2012
    }
  },
  "rhode-island": {
    "srs": true,
    "nibrs": {
      "initial-year": 2004
    }
  },
  "south-carolina": {
    "srs": false,
    "nibrs": {
      "initial-year": 1991
    }
  },
  "south-dakota": {
    "srs": false,
    "nibrs": {
      "initial-year": 2000
    }
  },
  "tennessee": {
    "srs": false,
    "nibrs": {
      "initial-year": 1997
    }
  },
  "texas": {
    "srs": true,
    "nibrs": {
      "initial-year": 1997
    }
  },
  "utah": {
    "srs": true,
    "nibrs": {
      "initial-year": 1993
    }
  },
  "vermont": {
    "srs": false,
    "nibrs": {
      "initial-year": 1993
    }
  },
  "virginia": {
    "srs": false,
    "nibrs": {
      "initial-year": 1994
    }
  },
  "washington": {
    "srs": true,
    "nibrs": {
      "initial-year": 2005
    }
  },
  "west-virginia": {
    "srs": false,
    "nibrs": {
      "initial-year": 1998
    }
  },
  "wisconsin": {
    "srs": true,
    "nibrs": {
      "initial-year": 2004
    }
  },
  "wyoming": {
    "srs": true,
    "nibrs": false
  }
}
