[
  {
    "total_population": 318578815,
    "year": 2014
  },
  {
    "total_population": 316225499,
    "year": 2013
  },
  {
    "total_population": 314034107,
    "year": 2012
  },
  {
    "total_population": 311663358,
    "year": 2011
  },
  {
    "total_population": 310232863,
    "year": 2010
  },
  {
    "total_population": 307006550,
    "year": 2009
  },
  {
    "total_population": 304374846,
    "year": 2008
  },
  {
    "total_population": 301579895,
    "year": 2007
  },
  {
    "total_population": 298593212,
    "year": 2006
  },
  {
    "total_population": 295753151,
    "year": 2005
  },
  {
    "total_population": 293045739,
    "year": 2004
  },
  {
    "total_population": 290326418,
    "year": 2003
  },
  {
    "total_population": 287803914,
    "year": 2002
  },
  {
    "total_population": 285081556,
    "year": 2001
  },
  {
    "total_population": 282171957,
    "year": 2000
  },
  {
    "total_population": 272690813,
    "year": 1999
  },
  {
    "total_population": 270298524,
    "year": 1998
  },
  {
    "total_population": 267743595,
    "year": 1997
  },
  {
    "total_population": 265189794,
    "year": 1996
  },
  {
    "total_population": 262764948,
    "year": 1995
  },
  {
    "total_population": 260289237,
    "year": 1994
  },
  {
    "total_population": 257746103,
    "year": 1993
  },
  {
    "total_population": 254994517,
    "year": 1992
  },
  {
    "total_population": 252127402,
    "year": 1991
  },
  {
    "total_population": 249438712,
    "year": 1990
  },
  {
    "total_population": 246819230,
    "year": 1989
  },
  {
    "total_population": 244498982,
    "year": 1988
  },
  {
    "total_population": 242288918,
    "year": 1987
  },
  {
    "total_population": 240132887,
    "year": 1986
  },
  {
    "total_population": 237923795,
    "year": 1985
  },
  {
    "total_population": 235824902,
    "year": 1984
  },
  {
    "total_population": 233791994,
    "year": 1983
  },
  {
    "total_population": 231664458,
    "year": 1982
  },
  {
    "total_population": 229465714,
    "year": 1981
  },
  {
    "total_population": 227224681,
    "year": 1980
  },
  {
    "total_population": 225055487,
    "year": 1979
  },
  {
    "total_population": 222584545,
    "year": 1978
  },
  {
    "total_population": 220239425,
    "year": 1977
  },
  {
    "total_population": 218035164,
    "year": 1976
  },
  {
    "total_population": 215973199,
    "year": 1975
  },
  {
    "total_population": 213853928,
    "year": 1974
  },
  {
    "total_population": 211908788,
    "year": 1973
  },
  {
    "total_population": 209896021,
    "year": 1972
  },
  {
    "total_population": 207660677,
    "year": 1971
  },
  {
    "total_population": 205052174,
    "year": 1970
  },
  {
    "total_population": 202676946,
    "year": 1969
  },
  {
    "total_population": 200706052,
    "year": 1968
  },
  {
    "total_population": 198712056,
    "year": 1967
  },
  {
    "total_population": 196560338,
    "year": 1966
  },
  {
    "total_population": 194302963,
    "year": 1965
  },
  {
    "total_population": 191888791,
    "year": 1964
  },
  {
    "total_population": 189241798,
    "year": 1963
  },
  {
    "total_population": 186537737,
    "year": 1962
  },
  {
    "total_population": 183691481,
    "year": 1961
  },
  {
    "total_population": 180671158,
    "year": 1960
  }
]
